side,column,description,sample,fe,beta,se,tstat,pval,n_obs,r2,stars
cause,(I),Baseline,all,tech_cat + qtr_cat,0.06468952794310505,0.01818886087797405,3.556546414703813,0.00037576211657701516,36950,0.002933795623578317,***
cause,(II),Ind x Qtr,all,tech_cat + indqtr_cat,0.040459688040786375,0.019566143799242514,2.067841699208647,0.038654911124345125,36950,0.0011111104334299293,**
cause,(III),Tech x Qtr,all,techqtr_cat + indqtr_cat,0.041816265542332934,0.017181159815288873,2.433844163717178,0.014939425421214719,36950,0.0012682172676656833,**
cause,(IV),First appear.,first,tech_cat + qtr_cat,0.04861391198119723,0.01970147335133107,2.467526723219042,0.013605006588986905,9625,0.0015872108685027753,**
effect,(I),Baseline,all,tech_cat + qtr_cat,0.0986752375392666,0.01708343309276132,5.776077735866672,7.646205817211291e-09,36950,0.006985837052033594,***
effect,(II),Ind x Qtr,all,tech_cat + indqtr_cat,0.10036027548871923,0.01844748007321059,5.440324374409398,5.31836464168118e-08,36950,0.0071256425393689815,***
effect,(III),Tech x Qtr,all,techqtr_cat + indqtr_cat,0.10321126255366911,0.018666922076472952,5.529099126832082,3.218794353559302e-08,36950,0.007954799381976851,***
effect,(IV),First appear.,first,tech_cat + qtr_cat,0.08704002352738181,0.018783431686042414,4.633872286077495,3.588884534898114e-06,9625,0.004987427380854781,***
