{
  "script": "06_table_IVB_spillover.py",
  "timestamp": "2026-02-13T11:31:57.318679",
  "seed": 42,
  "input_files": [
    "data_processed/panel_ikt.csv"
  ],
  "output_files": [
    "results\\tables\\table_IVB_spillover.csv",
    "results\\tables\\table_IVB_spillover_robustness.csv",
    "Overleaf\\Tables\\spillover.tex",
    "Overleaf\\Tables\\spillover_robustness.tex"
  ],
  "row_counts": {
    "panel_raw": 13723,
    "multi_tech_obs": 7390,
    "multi_tech_firms": 787,
    "cause_stacked": 36950,
    "effect_stacked": 36950,
    "first_appearance_obs": 1925,
    "similarity_median": 0.8407442610361127,
    "similarity_p25": 0.7376621287176554,
    "similarity_p75": 0.8999648192140782,
    "three_tech_firms": 225
  },
  "main_results": {
    "cause_(I)": {
      "n_obs": 36950,
      "r2": 0.002933795623578317,
      "beta": 0.06468952794310505,
      "se": 0.01818886087797405,
      "tstat": 3.556546414703813,
      "pval": 0.00037576211657701516
    },
    "cause_(II)": {
      "n_obs": 36950,
      "r2": 0.0011111104334299293,
      "beta": 0.040459688040786375,
      "se": 0.019566143799242514,
      "tstat": 2.067841699208647,
      "pval": 0.038654911124345125
    },
    "cause_(III)": {
      "n_obs": 36950,
      "r2": 0.0012682172676656833,
      "beta": 0.041816265542332934,
      "se": 0.017181159815288873,
      "tstat": 2.433844163717178,
      "pval": 0.014939425421214719
    },
    "cause_(IV)": {
      "n_obs": 9625,
      "r2": 0.0015872108685027753,
      "beta": 0.04861391198119723,
      "se": 0.01970147335133107,
      "tstat": 2.467526723219042,
      "pval": 0.013605006588986905
    },
    "effect_(I)": {
      "n_obs": 36950,
      "r2": 0.006985837052033594,
      "beta": 0.0986752375392666,
      "se": 0.01708343309276132,
      "tstat": 5.776077735866672,
      "pval": 7.646205817211291e-09
    },
    "effect_(II)": {
      "n_obs": 36950,
      "r2": 0.0071256425393689815,
      "beta": 0.10036027548871923,
      "se": 0.01844748007321059,
      "tstat": 5.440324374409398,
      "pval": 5.31836464168118e-08
    },
    "effect_(III)": {
      "n_obs": 36950,
      "r2": 0.007954799381976851,
      "beta": 0.10321126255366911,
      "se": 0.018666922076472952,
      "tstat": 5.529099126832082,
      "pval": 3.218794353559302e-08
    },
    "effect_(IV)": {
      "n_obs": 9625,
      "r2": 0.004987427380854781,
      "beta": 0.08704002352738181,
      "se": 0.018783431686042414,
      "tstat": 4.633872286077495,
      "pval": 3.588884534898114e-06
    }
  },
  "robustness_results": {
    "A_cause": {
      "n_obs": 17280,
      "r2": 0.008272102033715867,
      "beta": 0.1471840112285403,
      "se": 0.032055575914699506,
      "tstat": 4.591526030298121,
      "pval": 4.400167486286722e-06
    },
    "A_effect": {
      "n_obs": 17280,
      "r2": 0.00996828332927524,
      "beta": 0.15957031271186856,
      "se": 0.039497206033115885,
      "tstat": 4.040040517754067,
      "pval": 5.3441968085274026e-05
    },
    "B_cause": {
      "n_obs": 36950,
      "r2": 0.0029223966562809123,
      "beta": 0.0606572374893268,
      "se": 0.025846858229856138,
      "tstat": 2.3467934458378625,
      "pval": 0.018935748840115077
    },
    "B_effect": {
      "n_obs": 36950,
      "r2": 0.006959926796440974,
      "beta": 0.10468468860963981,
      "se": 0.01749649767336027,
      "tstat": 5.983179637661433,
      "pval": 2.1882320024658467e-09
    },
    "C_cause": {
      "betas": [
        0.031541805666574003,
        0.07478325939438177,
        0.06653697715314263,
        0.07373985920096457,
        0.07117668932179966
      ],
      "beta_min": 0.031541805666574003,
      "beta_max": 0.07478325939438177,
      "beta_mean": 0.06355571814737253
    },
    "C_effect": {
      "betas": [
        0.07393585774470615,
        0.10914141527408447,
        0.11396324616701292,
        0.08648376809987507,
        0.10771564056929647
      ],
      "beta_min": 0.07393585774470615,
      "beta_max": 0.11396324616701292,
      "beta_mean": 0.09824798557099501
    },
    "D_cause": {
      "n_obs": 36950,
      "r2": 0.002937523995720115,
      "beta_peer_share": 0.0781266590081267,
      "se_peer_share": 0.07601660852832502,
      "tstat_peer_share": 1.0277577561095144,
      "pval_peer_share": 0.30406379209790246,
      "beta_peer_x_sim": -0.01661732853422137,
      "se_peer_x_sim": 0.09725382643259776,
      "tstat_peer_x_sim": -0.17086554990962838,
      "pval_peer_x_sim": 0.8643294854476821,
      "beta_tech_similarity": 0.0033234657068442214,
      "se_tech_similarity": 0.019450765286519615,
      "tstat_tech_similarity": 0.17086554990962513,
      "pval_tech_similarity": 0.8643294854476846,
      "implied_p25": 0.06586868506797232,
      "implied_p75": 0.06317164793800521
    },
    "D_effect": {
      "n_obs": 36950,
      "r2": 0.00702267619625796,
      "beta_peer_share": 0.05477915668930337,
      "se_peer_share": 0.0809101021285078,
      "tstat_peer_share": 0.6770372950747089,
      "pval_peer_share": 0.49838229183625127,
      "beta_peer_x_sim": 0.054371341705761016,
      "se_peer_x_sim": 0.09882328020568497,
      "tstat_peer_x_sim": 0.5501875832556428,
      "pval_peer_x_sim": 0.5821907191645956,
      "beta_tech_similarity": -0.010874268341152215,
      "se_tech_similarity": 0.019764656041137023,
      "tstat_tech_similarity": -0.5501875832556427,
      "pval_tech_similarity": 0.5821907191645956,
      "implied_p25": 0.09488683635321007,
      "implied_p75": 0.10371145139795546
    }
  },
  "parameters": {
    "n_cause_categories": 5,
    "n_effect_categories": 5,
    "clustering": "firm (gvkey)",
    "main_specifications": [
      {
        "col": "(I)",
        "desc": "Baseline",
        "fe": [
          "tech_cat",
          "qtr_cat"
        ],
        "sample": "all"
      },
      {
        "col": "(II)",
        "desc": "Ind x Qtr",
        "fe": [
          "tech_cat",
          "indqtr_cat"
        ],
        "sample": "all"
      },
      {
        "col": "(III)",
        "desc": "Tech x Qtr",
        "fe": [
          "techqtr_cat",
          "indqtr_cat"
        ],
        "sample": "all"
      },
      {
        "col": "(IV)",
        "desc": "First appear.",
        "fe": [
          "tech_cat",
          "qtr_cat"
        ],
        "sample": "first"
      }
    ]
  }
}